Den,1590,74,2
Eindhoven,2295,140,4
Amsterdam,3500,175,5
Amsterdam,3250,134,4
Den,1950,100,5
Zwolle,850,35,1
Den,1600,80,3
Rotterdam,3400,126,3
Amsterdam,3750,120,3
Rotterdam,514,85,1
Amsterdam,2500,55,3
Amsterdam,3250,89,3
Deventer,1050,80,3
Rotterdam,1495,90,5
Almere,1250,85,3
Maastricht,943,38,2
Arnhem,850,80,3
Haarlem,1850,72,2
Amstelveen,2750,112,3
Vlissingen,1855,129,5
Hoofddorp,1895,85,3
Maastricht,1054,21,1
Amersfoort,1073,88,3
Utrecht,1395,88,3
Amsterdam,2950,75,3
Almelo,625,42,2
Amsterdam,2250,78,3
Eindhoven,1650,97,3
Eindhoven,1695,102,5
Eindhoven,1700,76,2
Rotterdam,892,65,4
Eindhoven,2150,75,4
Den,1590,74,2
Amsterdam,2650,58,3
Amsterdam,2450,65,3
Brunssum,932,12,1
Amsterdam,4500,116,3
Amsterdam,1895,82,3
Den,1160,42,2
Rotterdam,2350,206,4
Amstelveen,5250,220,7
Sittard,798,42,1
Schiedam,1600,94,3
Eindhoven,1700,60,2
Rijswijk,2150,145,3
Amsterdam,5300,105,5
Amsterdam,2900,116,4
Amstelveen,2300,72,3
Enschede,425,12,11
Delft,1425,72,3
Rotterdam,2250,115,3
Arnhem,525,20,1
Rotterdam,1650,93,3
Nieuwerkerk,2495,144,5
Enschede,2500,159,4
Amsterdam,2600,70,3
Leeuwarden,495,25,2
Maastricht,919,28,1
Amsterdam,7000,200,3
Halfweg,1400,36,1
Eindhoven,1750,105,4
Waalre,1800,161,5
Den,1595,104,2
Amstelveen,3650,150,6
Amsterdam,2650,58,3
Eindhoven,1850,138,4
Amsterdam,7500,132,4
Amsterdam,2500,75,3
Tilburg,1300,57,2
Rotterdam,1350,53,2
Groningen,1750,75,3
Uden,1450,82,3
Groningen,1350,50,3
Amstelveen,6950,222,5
Amsterdam,3900,159,3
Hoofddorp,2500,130,5
Enschede,525,20,1
Amsterdam,3750,130,3
Hoogvliet,2750,106,4
Assen,1200,60,3
Enschede,350,8,1
Amsterdam,2100,114,5
Amsterdam,2150,54,2
Menaam,1495,179,6
Amstelveen,3650,124,3
Hengelo,1000,75,3
Amstelveen,3050,93,3
Haarlem,1975,115,2
Amsterdam,2850,100,3
Amsterdam,3500,143,4
Roosendaal,1095,50,2
Rotterdam,2450,120,3
Leuth,795,50,2
Eindhoven,995,42,2
Leeuwarden,1150,74,3
Oirschot,1595,125,4
Eindhoven,1850,138,4
Den,1590,74,2
Pijnacker,1450,80,3
Amstelveen,2750,108,5
Tilburg,875,65,1
Maastricht,1450,126,4
Amsterdam,2850,67,2
Heerlen,1150,123,6
Veldhoven,1060,55,2
Amsterdam,3500,122,4
Amsterdam,2200,86,3
Amsterdam,2650,86,3
Almere,1115,44,1
Amsterdam,4800,224,4
Amsterdam,8500,205,4
Geleen,1179,64,1
Maastricht,564,15,1
Haarlem,2100,80,3
Amsterdam,2100,87,3
Arnhem,485,13,1
Haarlem,1400,45,2
Haarlem,1600,30,1
Zandvoort,2000,85,2
Zandvoort,2400,144,3
Haarlem,1800,50,2
Haarlem,1600,30,1
Haarlem,1600,45,2
Vlaardingen,606,15,1
Heerlen,995,115,3
Rotterdam,2000,71,3
Bergen,1050,60,1
Rotterdam,2000,71,3
Eindhoven,1850,138,4
Amsterdam,2650,58,3
Capelle,2000,115,4
Leiden,2100,67,3
Zwolle,547,12,1
Uithoorn,1500,40,2
Goedereede,1900,35,1
Rotterdam,2250,110,2
Groningen,635,21,1
Den,1950,95,3
Amsterdam,2450,70,3
Amsterdam,3750,130,5
Amsterdam,2645,171,3
Hilversum,2000,125,5
Purmerend,2250,107,5
Amsterdam,2500,65,3
Elst,763,70,2
Zwolle,295,14,1
Zwolle,345,15,1
Amsterdam,2250,60,2
Amsterdam,2550,80,3
Enschede,1300,134,4
Amsterdam,2750,87,2
Amsterdam,3200,100,4
Hilversum,465,14,1
Den,1590,74,2
Zoetermeer,2299,127,4
Rotterdam,1028,56,2
Nieuwegein,1360,64,2
Amsterdam,3150,93,3
Rotterdam,529,18,1
Middelburg,1350,80,3
Eindhoven,2295,140,4
Den,1590,74,2
Middelburg,1335,110,5
Breda,4500,307,7
Maastricht,1203,24,1
Maastricht,1895,108,5
Almelo,1150,128,5
Amsterdam,2450,64,2
Amsterdam,2650,65,3
Amsterdam,2250,77,4
Maastricht,1450,77,2
Riel,1345,40,2
Rotterdam,1299,105,3
Maastricht,2200,80,1
Enschede,850,41,2
Amsterdam,3750,120,4
Den,4650,225,6
Rotterdam,2000,135,3
Woerden,1960,120,5
Almere,1850,83,3
Sliedrecht,1390,85,2
Amsterdam,2600,70,3
Utrecht,2750,129,3
Delden,960,73,3
Utrecht,2600,124,4
Nijmegen,1150,45,1
Amsterdam,3600,102,3
Eindhoven,1355,75,2
Harderwijk,1217,64,3
Harderwijk,1231,64,3
Amstelveen,2400,120,3
Hengelo,690,39,2
Eindhoven,1850,138,4
Den,1590,74,2
Amsterdam,2450,64,2
Almere,2550,130,3
Roosendaal,1495,107,5
Nieuw-Vennep,1425,148,5
Amstelveen,3000,145,5
Amsterdam,2950,160,5
Maastricht,1750,52,1
Den,2450,75,2
Den,2950,134,5
Rotterdam,1595,57,4
Zwolle,1150,45,2
Amsterdam,2350,60,2
Rotterdam,1106,54,3
Amsterdam,2500,75,3
Horst,1061,100,4
Veldhoven,1750,65,2
Haarlem,2350,85,3
Eindhoven,1750,90,2
Amsterdam,2500,60,3
Brunssum,1125,108,3
Rotterdam,2450,96,4
Groningen,1872,110,3
Oldebroek,330,54,3
Oldebroek,430,66,4
Rijsenhout,2800,200,5
Terneuzen,1295,100,5
Rotterdam,2400,83,3
Veldhoven,3975,290,6
Amsterdam,2750,103,4
Amstelveen,1250,46,2
Den,1590,74,2
Amsterdam,2650,58,3
Arnhem,1250,79,2
Amsterdam,3950,160,4
Kerkrade,750,78,3
Maastricht,2550,131,1
Breda,1585,75,4
Leiden,1975,70,3
Bergen,1495,101,3
Katwijk,1650,81,4
Amsterdam,2500,84,3
Amsterdam,3250,110,4
Amsterdam,2750,100,2
Amsterdam,1825,75,3
Eindhoven,995,40,2
Haarlem,1670,103,3
Vught,1406,90,2
Amsterdam,2250,71,4
Zandvoort,1465,45,2
Den,3999,106,3
Heemstede,3250,140,4
Spijkenisse,1750,81,3
Tilburg,626,25,1
Apeldoorn,1168,59,3
Utrecht,2250,75,3
Schiedam,1695,95,4
Hengelo,677,39,2
Breda,425,14,2
Venray,1094,117,4
Utrecht,1575,69,3
Den,2500,130,6
Den,841,24,1
Eindhoven,2295,140,4
Den,1590,74,2
Den,860,24,1
Den,847,23,1
Den,873,24,1
Den,1500,67,2
Amsterdam,4250,141,5
Eindhoven,1650,66,3
Leende,1800,190,7
Velp,365,24,1
Amsterdam,2350,91,3
Den,821,23,1
Eindhoven,1790,140,6
Ede,1650,137,5
Amsterdam,2500,65,2
Leeuwarden,825,45,2
Ossendrecht,850,28,2
Amsterdam,2595,75,2
Rotterdam,2350,105,3
Hilversum,1285,91,3
Hilversum,1285,91,3
Haarlem,1885,89,5
Ede,1575,83,3
Haarlem,2350,82,5
Amsterdam,3950,126,3
Arnhem,2400,121,3
Utrecht,2500,62,2
Enschede,2150,135,3
Amsterdam,2500,101,4
Amsterdam,5250,200,6
Maastricht,525,14,1
Eygelshoven,1150,75,3
Eindhoven,2295,140,4
Amsterdam,4250,120,5
Haarlem,1985,57,3
Rotterdam,2850,160,5
Oegstgeest,1975,92,2
Waskemeer,2500,200,7
De,2500,150,7
Nieuwegein,675,12,1
Den,550,24,1
Almere,2300,128,5
Breda,875,42,1
Leiden,1375,64,2
Haarlem,1585,84,3
Amsterdam,1270,30,2
Maastricht,1245,150,4
Rotterdam,815,49,2
Den,3462,92,3
Den,1995,47,2
Muiderberg,2600,153,6
Tilburg,418,16,1
Delft,2995,141,4
Den,1795,45,2
Maastricht,619,26,1
Rotterdam,1450,62,1
Waalre,2150,110,3
Eindhoven,1195,57,2
Leeuwarden,995,76,3
Tilburg,1670,94,4
Den,2250,120,5
Den,2250,90,2
Breda,2275,110,5
Amsterdam,2500,112,3
Den,1590,74,2
Amsterdam,4250,120,5
Groningen,1500,60,1
Horst,1079,100,4
Amsterdam,2450,80,4
Amsterdam,2600,72,3
Amsterdam,2850,71,3
Deurne,1750,120,5
Nijmegen,1125,82,3
Dordrecht,789,72,3
Maastricht,1650,60,2
Utrecht,2350,110,3
Den,2150,95,4
Heesch,1650,97,3
Winssen,700,30,3
Middelburg,1000,90,3
Amsterdam,5000,150,4
Leeuwarden,445,15,1
Rotterdam,2150,107,3
Rotterdam,1755,50,1
Leeuwarden,950,52,1
Breda,1195,65,3
Deventer,1340,85,3
Deventer,1340,85,3
Katwijk,1925,109,4
Amstelveen,2495,91,4
Eindhoven,2450,130,6
Bolsward,2050,92,4
Arum,2300,138,5
Amsterdam,2500,74,3
Maastricht,1050,180,5
Amsterdam,2500,80,3
Amsterdam,4250,120,5
Den,1590,74,2
Peize,925,52,2
Utrecht,1625,80,2
Oegstgeest,2200,110,4
Maastricht,970,43,3
Den,2450,104,3
Goes,1320,125,5
Den,3950,235,8
Amsterdam,3200,77,2
Amsterdam,3500,139,4
Den,3500,220,8
Apeldoorn,1175,59,3
Voorburg,1695,123,5
Vlaardingen,2250,116,6
Amsterdam,2250,60,2
Eindhoven,1975,150,4
Rotterdam,1695,80,2
Schiedam,1700,50,2
Wormerveer,1500,51,2
Rotterdam,2300,70,3
Haarlem,3245,93,4
Rotterdam,1995,96,3
Rotterdam,1400,82,2
Den,1573,79,3
Leiden,1950,87,4
Aalsmeer,3500,156,5
Groningen,808,28,2
Eindhoven,1950,179,4
Den,2200,75,2
Uithoorn,1800,67,2
Budel,1300,85,3
Amstelveen,2950,127,4
Amsterdam,2650,58,3
Amsterdam,2950,125,3
Rotterdam,1995,127,4
Rotterdam,5000,200,6
Maastricht,1895,112,5
Haarlem,2500,103,4
Amstelveen,2350,110,5
Groningen,825,27,2
Rotterdam,944,65,3
Utrecht,1795,67,2
Amsterdam,2500,112,3
Almere,2350,105,4
Eindhoven,1290,63,1
Rotterdam,2450,89,3
Rotterdam,2650,120,3
Den,1590,74,2
Geleen,995,70,3
Katwijk,1850,97,4
IJlst,1495,150,4
Groningen,850,38,1
Groningen,2180,133,5
Amsterdam,1850,69,3
Amsterdam,3200,130,5
Hoofddorp,2600,110,5
Brunssum,1050,67,3
Enschede,550,13,1
Amsterdam,2750,86,4
Boxtel,1875,182,4
Amsterdam,2500,93,2
Groningen,995,60,2
Leeuwarden,1395,110,4
Eindhoven,1850,138,4
Den,1590,74,2
Huizen,1995,104,6
Groningen,985,51,2
Amsterdam,5100,120,5
Tilburg,1478,64,2
Leiden,2800,73,4
Delft,900,103,4
Breda,1015,50,2
Harmelen,1895,115,4
Amsterdam,7250,400,5
Groningen,737,25,2
Rijssen,1190,100,3
Groningen,1065,63,2
Tilburg,1045,33,1
Groningen,760,27,2
Amsterdam,2950,150,6
Arnhem,468,12,1
Rotterdam,1850,58,2
Heerenveen,365,24,1
Rotterdam,3250,121,3
Helmond,1950,150,4
Amsterdam,2800,104,5
Maastricht,652,25,1
Rotterdam,2100,90,4
Den,2450,110,3
Amsterdam,3750,162,4
Geldrop,1275,65,2
Purmerend,1950,121,5
Eindhoven,2100,121,4
Amsterdam,3000,80,3
Eindhoven,2450,160,5
Amsterdam,4250,120,5
Eindhoven,1850,138,4
Eindhoven,1795,108,4
Heelsum,1086,75,2
Rotterdam,900,16,1
Helmond,1950,102,5
Wissenkerke,1175,80,3
Apeldoorn,1003,93,4
Eindhoven,1370,59,2
Badhoevedorp,540,14,1
Maastricht,1800,160,4
Utrecht,1970,70,3
Utrecht,895,30,1
Nijmegen,1975,70,3
Amsterdam,8500,220,4
Valkenswaard,1550,122,5
Utrecht,2100,88,3
Amsterdam,3500,77,3
Den,825,80,3
Amsterdam,2650,80,5
Amsterdam,2850,105,3
Amsterdam,3800,104,4
Amsterdam,2600,110,3
Amsterdam,2900,105,4
Amsterdam,3950,150,4
Amsterdam,2900,76,4
Amsterdam,2195,121,4
Den,2000,81,4
Wassenaar,3350,153,5
Bloemendaal,4250,185,7
Nijmegen,1595,100,3
Delft,1620,49,2
Amsterdam,2650,58,3
Den,1590,74,2
Rotterdam,1795,52,2
Rotterdam,1850,52,1
Rotterdam,2700,154,5
Rotterdam,1750,80,3
Den,2250,105,3
Balk,995,90,3
Aalsmeer,1250,59,3
Zwolle,695,33,1
Oosteind,2100,190,5
Maastricht,1485,110,4
Leiden,1895,164,5
Zwolle,995,66,2
Houten,1500,131,5
Eindhoven,1900,110,3
Amsterdam,4500,146,4
Roermond,1791,64,2
Amsterdam,2250,109,3
Den,2995,175,5
Rotterdam,3500,207,7
Zutphen,1250,104,5
Amsterdam,2000,50,2
Muiderberg,2350,137,5
Haarlem,2350,85,3
Amsterdam,3500,141,5
Eindhoven,2150,165,5
Amsterdam,6500,194,6
Rijsenhout,2500,113,5
Alkmaar,400,93,4
Eindhoven,1428,71,2
Amsterdam,2250,101,3
Eindhoven,2295,140,4
Amsterdam,4250,120,5
Amsterdam,3950,143,4
Amsterdam,5000,220,6
Amsterdam,2200,56,2
Bloemendaal,4000,128,4
Terneuzen,1375,109,5
Geldrop,3495,130,5
Leiderdorp,2500,130,6
Den,1750,100,3
Amstelveen,2400,140,5
Middelburg,1250,90,4
Amsterdam,2200,63,3
Leiden,1428,40,2
Veldhoven,1825,130,4
Maastricht,1165,78,3
Middelburg,1400,105,4
Den,1950,75,3
Amsterdam,2700,100,3
Den,3800,230,8
Amsterdam,3250,77,3
Amsterdam,2399,100,4
Weert,450,70,2
Den,550,14,1
Eindhoven,1700,88,3
Venray,1438,60,3
Amsterdam,2450,88,3
Amsterdam,2350,88,4
Tilburg,1050,35,2
Almere,1750,64,3
Roermond,525,86,3
Den,1590,74,2
Eindhoven,2295,140,4
Zaandam,2350,126,5
Leiden,1595,103,2
Den,1100,50,2
Haarlem,1400,46,2
Spijkenisse,1375,68,3
Eindhoven,1500,80,2
Haarlem,3500,371,6
Enschede,675,18,1
Zwolle,935,80,4
Zwolle,995,77,4
Maastricht,1450,111,4
Helmond,1950,329,5
Breda,1390,70,3
Amsterdam,2700,79,3
Den,6500,215,4
Echt,1395,132,4
Utrecht,2200,80,3
Rotterdam,1257,56,3
Rotterdam,1795,72,3
Sassenheim,1150,82,3
Utrecht,2150,87,3
Den,3400,103,5
Den,2750,118,3
Pijnacker,3000,190,6
Amsterdam,2550,101,4
Amsterdam,2950,150,4
Zwaag,3500,115,6
Amsterdam,2750,86,3
Brunssum,1125,50,2
Brunssum,1050,65,3
Eindhoven,1850,138,4
Eindhoven,2295,140,4
Brunssum,1050,65,3
Brunssum,1100,40,2
Brunssum,1100,40,2
Brunssum,1100,40,2
Brunssum,1150,65,2
Brunssum,1125,50,2
Rotterdam,1950,102,3
Den,1795,120,5
Rotterdam,1950,93,5
Rotterdam,1995,90,3
Haarlem,1695,100,2
Berg,825,70,1
Amsterdam,2950,109,3
Utrecht,2325,93,3
Maastricht,332,10,1
Amersfoort,1680,122,3
Rotterdam,1995,90,3
Amsterdam,5250,190,7
Rotterdam,2750,120,3
Oosterbeek,1450,89,4
Utrecht,2200,84,3
Zaandam,1933,88,3
Amsterdam,3600,85,5
Maastricht,1865,92,3
Zwolle,422,21,1
Bentelo,1650,170,4
Roermond,958,111,3
Voorburg,2200,131,5
Roermond,963,90,3
Haarlem,2245,99,4
Amstelveen,2950,127,4
Den,1590,74,2
Bentelo,1495,150,4
Amsterdam,2495,59,3
Broekhuizen,1240,110,4
Maastricht,1856,22,1
Brunssum,1450,110,3
Brunssum,975,50,2
Almere,2100,80,3
Brunssum,1075,75,2
Almere,2450,141,6
Amsterdam,2950,111,5
Rotterdam,2400,105,3
Velp,562,13,1
Amsterdam,2750,86,3
Tilburg,650,40,1
Maastricht,549,14,1
Utrecht,2250,105,4
Nieuwkuijk,1350,90,3
Den,2500,127,4
Uithuizen,250,108,3
Groningen,600,80,2
Berkhout,1500,105,4
Diemen,1372,96,4
Amsterdam,2650,80,3
Amersfoort,1730,78,3
Utrecht,2250,65,2
Groningen,500,82,2
Zwolle,1800,159,1
Meerssen,775,21,1
Oostwold,400,89,3
Enschede,2500,159,4
Eindhoven,2295,140,4
Amsterdam,4250,120,5
Zwolle,365,19,1
Landgraaf,1125,120,4
Rotterdam,3500,127,3
Eindhoven,2175,126,6
Amsterdam,2500,96,4
Amsterdam,3000,106,3
Houten,3250,343,5
Den,2000,117,4
Warmond,1800,78,1
Warmond,1550,64,2
Maastricht,1275,75,3
Den,879,80,3
Amsterdam,1975,50,2
Den,1950,110,2
Eindhoven,1850,128,4
Den,2950,140,8
Eindhoven,1950,160,6
Arnhem,1100,67,3
Enschede,1293,70,3
Warmond,1700,65,2
Maastricht,1199,35,1
Rotterdam,2000,70,3
Den,1350,42,1
Hooglanderveen,1050,67,2
Amsterdam,2000,87,4
Vlaardingen,1450,102,4
Amsterdam,2950,106,3
Den,3250,139,4
Den,2700,157,6
Lelystad,1950,110,5
Eindhoven,1850,138,4
Amsterdam,2650,58,3
IJmuiden,2485,151,5
Leiden,1700,48,2
Helmond,1520,83,4
Leeuwarden,375,9,2
Amsterdam,3250,116,4
Amsterdam,2670,80,3
Zwolle,425,18,1
Amsterdam,3500,108,3
Zwolle,430,20,1
Rotterdam,1750,108,3
Rotterdam,2250,129,5
Den,1350,97,3
Eijsden,1640,85,3
Waalwijk,840,48,2
Heerlen,975,95,5
Leiden,1970,92,4
Breda,1995,95,3
Enter,980,70,3
Meppel,1075,68,2
Amstelveen,2800,120,5
Tilburg,450,16,1
Amsterdam,3150,70,3
Amsterdam,3500,92,3
Amsterdam,2900,90,3
Haarlem,1750,84,3
Waalre,1495,87,3
Eindhoven,2200,120,4
Groningen,800,43,2
Amsterdam,3000,120,3
Amsterdam,1950,95,4
Den,1590,74,2
Eindhoven,1850,138,4
Rotterdam,1195,77,4
Hoorn,1025,55,2
Rotterdam,2095,110,4
Rotterdam,930,49,2
Purmerend,2000,108,5
Amsterdam,3495,130,5
Rotterdam,1850,49,2
Rotterdam,1700,76,3
Groningen,1075,25,1
Den,995,39,2
Amsterdam,3800,150,4
Tilburg,800,20,1
Assen,950,50,2
Assen,850,50,3
Groningen,1390,65,2
Groningen,1390,78,2
Amsterdam,2900,60,2
Utrecht,2200,71,3
Den,847,32,2
Amsterdam,2850,85,3
Breda,988,35,1
Breda,1200,62,3
Maastricht,1425,100,3
Veldhoven,1800,120,2
Eindhoven,1345,64,2
Rotterdam,1850,99,5
Eindhoven,1200,45,2
Tilburg,1184,60,1
Den,1044,46,2
Amsterdam,3500,135,4
Eindhoven,1850,138,4
Eindhoven,2295,140,4
Den,4800,185,8
Groningen,985,25,4
Eindhoven,1950,91,3
Rotterdam,1340,60,2
Groningen,1350,100,4
Rotterdam,1350,50,1
Enschede,1450,148,6
Almelo,895,111,5
Den,1101,52,3
Den,694,29,1
Rotterdam,1500,105,4
Breda,807,42,2
Arnhem,2650,107,6
Amsterdam,3500,97,4
Utrecht,2150,89,3
Rotterdam,2500,95,3
Oud-Beijerland,1550,76,2
Amsterdam,2300,90,3
Loon,750,30,2
Amsterdam,2250,53,1
Breda,853,45,2
Brunssum,627,35,2
Groningen,1005,28,1
Den,1395,52,2
Werkendam,1225,60,2
Groningen,1110,50,2
Groningen,575,25,1
Eindhoven,1950,86,3
Tilburg,750,20,1
Tilburg,800,27,1
Amsterdam,2650,58,3
Amsterdam,4250,120,5
Tilburg,800,26,1
Eindhoven,2050,104,4
Zoetermeer,1000,46,2
Amsterdam,1850,85,4
Rotterdam,3950,211,8
Amstelveen,12500,425,12
Amsterdam,6500,123,4
Maastricht,1250,74,3
Rotterdam,1975,75,2
Rotterdam,996,61,2
Amsterdam,5850,162,6
Amsterdam,3250,85,3
Amsterdam,9000,242,6
Tilburg,650,27,1
Haarlem,2685,129,6
Rotterdam,2495,228,6
Den,1400,45,2
Oss,1014,55,2
Horst,1099,124,3
Amsterdam,1794,66,2
Den,1400,75,2
Den,821,23,1
Den,754,33,2
Arnhem,1600,110,4
Den,2400,117,4
Utrecht,2450,108,3
Haarlem,3500,134,6
Rotterdam,2500,124,4
Amsterdam,2250,65,2
Maastricht,1067,80,3
Amstelveen,2950,127,4
Eindhoven,2295,140,4
Den,685,19,1
Amsterdam,3950,104,3
Groningen,1005,30,2
Zwolle,470,20,1
Zevenbergen,446,100,1
Emmen,309,30,2
Middelburg,1195,95,3
Breda,3450,155,4
Bennekom,809,63,2
Dordrecht,1995,79,3
Hoogvliet,1240,151,5
Rotterdam,2295,84,3
Deventer,645,26,1
Den,2743,128,5
Amstelveen,2750,110,3
Alphen,1895,145,4
Breda,2995,172,3
Harderwijk,1250,40,1
Eindhoven,2100,155,5
Zwolle,555,21,2
Deventer,485,15,1
Hoofddorp,2995,156,6
Groningen,4095,165,7
Den,2000,111,3
Almere,2350,135,4
Leiden,2450,77,2
Heerde,550,80,4
Almere,1895,105,5
Sittard,2000,77,3
Amsterdam,2650,58,3
Eindhoven,1850,138,4
Den,2740,126,4
Den,2750,112,3
Den,2450,133,5
Amsterdam,2500,106,3
Leersum,1995,230,4
Moergestel,1750,150,5
Amstelveen,2900,131,3
Rotterdam,2100,110,6
Veldhoven,1900,76,3
Den,3750,127,4
Almere,2600,143,6
Nijmegen,995,42,2
Gouda,2999,288,7
Amsterdam,2166,131,3
Amsterdam,2450,81,3
Tilburg,1445,51,2
Den,550,16,1
Amsterdam,2650,105,4
Den,475,15,2
Amsterdam,4850,145,4
Roosendaal,930,80,3
Hattem,3000,206,5
Rotterdam,1295,70,3
Oss,875,36,1
Oss,685,13,1
Rotterdam,1650,75,3
Roermond,900,60,3
Amsterdam,2650,58,3
Eindhoven,1850,138,4
Maastricht,995,45,2
Utrecht,1650,40,1
Schiedam,1850,109,4
Delft,850,63,3
Utrecht,1165,30,1
Amstelveen,2150,79,4
Amsterdam,2250,110,3
Breda,2750,354,3
Breda,2800,143,5
Maastricht,1825,72,4
Laren,2500,72,3
Amsterdam,3250,96,4
Amsterdam,3500,111,5
Amstelveen,2425,116,3
Schijndel,1950,197,5
Amsterdam,2750,132,4
Amsterdam,3800,128,4
Nieuwegein,1069,36,1
Rotterdam,2200,102,4
Maastricht,1900,111,4
Eindhoven,2150,100,4
Amsterdam,4100,142,6
Maarssen,2480,128,7
Amstelveen,3800,180,7
Den,2500,94,4
Vlissingen,1450,65,2
Amstelveen,2500,108,5
Groningen,980,35,2
Capelle,1295,80,4
Waalre,3250,184,5
Amsterdam,4250,120,5
Amsterdam,2650,58,3
Sneek,1050,107,4
Hoogeveen,860,36,1
Rotterdam,1250,53,3
Rotterdam,3500,251,4
Boxtel,1300,30,1
Nuenen,1850,118,4
Eindhoven,1085,71,2
Amsterdam,2395,97,3
Rotterdam,1500,80,2
Rijswijk,1078,73,3
Rotterdam,2495,79,3
Breda,1950,119,5
Katwijk,1175,62,2
Rotterdam,955,38,2
Rotterdam,935,48,3
Roosendaal,2495,321,7
Spijkenisse,970,100,3
Rotterdam,1850,95,3
Meijel,2095,125,5
Roosendaal,920,60,3
Katwijk,950,45,2
Den,2300,116,4
Eindhoven,1545,99,4
Utrecht,1090,46,2
Grou,1400,78,4
Edam,1050,62,2
Amsterdam,5000,145,5
Hilversum,2750,122,3
Amsterdam,3250,101,3
Gouda,2995,120,4
Eindhoven,2295,140,4
Amsterdam,2650,58,3
Gouda,2995,122,4
Amsterdam,5500,105,3
Apeldoorn,840,56,2
Apeldoorn,1023,93,4
Middenbeemster,3500,317,5
Eindhoven,1900,120,5
Vlaardingen,2050,94,4
Amsterdam,3000,140,5
Eindhoven,703,12,1
Capelle,1650,76,4
Maastricht,952,21,1
Amsterdam,2000,126,5
Amsterdam,2450,120,3
Rotterdam,2495,131,5
Amsterdam,3500,125,4
Steenbergen,850,35,2
Reusel,300,72,2
Waalre,300,41,2
Amersfoort,1195,52,2
Utrecht,2550,93,3
Enschede,325,10,1
Amsterdam,2750,90,4
Amsterdam,2975,100,3
Rotterdam,3500,170,7
Arnhem,2675,120,5
Amsterdam,3850,75,2
Amersfoort,1225,55,2
Groningen,1165,35,2
Amersfoort,1195,51,2
Den,2450,93,4
Eindhoven,2295,140,4
Amstelveen,2950,127,4
Almere,2300,114,5
Amsterdam,2650,58,3
Den,4500,139,4
Apeldoorn,675,31,1
Kampen,950,78,3
Haarlem,2250,101,3
Dinteloord,1800,133,3
Den,1700,112,4
Eindhoven,1275,67,2
Amsterdam,9750,221,6
Rotterdam,885,22,1
Den,1785,99,4
Den,1565,95,3
Rotterdam,1650,62,2
Amsterdam,2155,92,3
Delft,2200,108,4
Meijel,1750,90,4
Schiedam,2500,100,4
Eindhoven,1890,144,5
Amsterdam,7800,180,5
Amsterdam,2750,95,3
Amsterdam,3500,135,4
Roermond,1250,115,2
Utrecht,1950,100,4
Eindhoven,1850,82,2
Broek,1500,55,2
Zandvoort,2750,123,4
Amsterdam,2100,65,2
Bussum,4950,358,11
Haarlem,1800,70,3
Amsterdam,2650,58,3
Eindhoven,1850,138,4
Amsterdam,3250,107,3
Epse,1500,98,2
Noordwijk,2400,130,3
Rotterdam,2100,103,4
Amsterdam,2500,69,3
Zwolle,1195,60,2
Rotterdam,1600,81,3
Rotterdam,2100,120,4
Zwolle,495,16,1
Eijsden,1145,55,2
Amsterdam,3250,125,3
Den,1300,77,3
Den,1750,138,5
Oss,1000,65,2
Den,1350,76,3
Den,1300,76,3
Amsterdam,2350,90,4
Utrecht,875,39,2
Amsterdam,1600,67,3
Den,490,23,1
Hoofddorp,3250,118,3
Assen,1200,58,2
Roosendaal,815,52,2
Utrecht,1795,30,1
Veenendaal,1950,145,6
Rotterdam,2100,95,3
Utrecht,1595,35,2
Den,6000,167,5
Rotterdam,1550,75,2
Assen,875,50,2
Amsterdam,2650,58,3
Amstelveen,2950,127,4
Nieuwegein,4995,348,5
Haarlem,5000,179,7
Utrecht,1595,75,2
Naarden,843,35,1
Breda,2250,154,4
Bocholtz,309,40,2
Almere,1850,138,5
Den,525,14,1
Huizen,1550,80,3
Nieuwleusen,1222,90,3
Landgraaf,590,24,2
Roosendaal,915,47,3
Amsterdam,3250,140,4
Rilland,1675,280,9
Rotterdam,2595,90,4
Amersfoort,1595,120,3
Eindhoven,1345,64,2
Amsterdam,3800,109,3
Amsterdam,2650,97,3
Utrecht,2500,119,5
Rotterdam,1850,79,2
Alkmaar,1009,56,1
Leiden,2450,109,4
Nuenen,1195,110,4
Groningen,2650,178,5
Rotterdam,1045,69,3
Utrecht,1765,112,4
Eindhoven,1736,120,2
Amsterdam,3250,115,3
Eindhoven,2500,170,5
Amsterdam,2650,58,3
Den,1590,74,2
Veldhoven,1950,92,3
Amsterdam,2400,92,3
Enschede,1395,60,3
Westzaan,650,80,3
Maarssen,2250,116,5
Rotterdam,2900,117,4
Wormerveer,650,65,3
Rotterdam,1574,28,5
Amsterdam,2250,72,2
Helmond,1550,85,4
Haarlem,1985,67,3
Groningen,1995,135,5
Waalre,875,35,1
Schiedam,1700,89,4
Den,1850,67,1
Amsterdam,3950,151,5
Amsterdam,3750,94,3
Almere,2500,150,5
Grevenbicht,995,100,3
Maastricht,1850,95,3
Bunnik,2000,128,3
Groningen,1440,105,3
Den,1873,98,5
Amsterdam,1999,45,1
Hilversum,1150,45,3
Hilversum,1150,45,2
Amsterdam,2395,66,3
Zwolle,1295,55,2
Maastricht,2800,150,5
Beek,1400,118,5
Den,1590,74,2
Eindhoven,2295,140,4
Almere,2160,105,4
Middelaar,895,95,4
Leiden,2400,100,4
Amsterdam,2500,125,3
Den,1100,32,1
Veghel,1425,105,5
Nijmegen,1225,95,3
Amsterdam,2000,72,3
Amersfoort,1485,72,3
Amsterdam,1955,55,2
Rotterdam,1525,88,3
Geleen,1495,120,4
Apeldoorn,651,23,1
Amsterdam,4750,184,6
Eindhoven,1175,41,2
Leeuwarden,350,9,1
Amsterdam,2850,95,3
Colijnsplaat,1450,108,4
Hoofddorp,2300,106,5
Kerkrade,549,45,2
Amsterdam,1985,64,2
Amstelveen,4995,200,6
Den,1250,50,2
Rotterdam,2650,118,6
Apeldoorn,651,23,1
Helmond,1225,86,4
Rotterdam,1300,45,1
Amsterdam,2200,88,3
Almelo,780,50,2
Den,1850,90,4
Eindhoven,1850,138,4
Amsterdam,2650,58,3
Maastricht,1495,93,2
Maastricht,3000,244,5
Amsterdam,2500,96,3
Den,1900,90,4
Roermond,1350,60,4
Roermond,1350,80,4
Maastricht,1995,103,5
Spijkenisse,2500,120,6
Tilburg,899,52,1
Amsterdam,2600,85,3
Zevenhuizen,2500,150,5
Amsterdam,2950,102,3
Rotterdam,2395,130,4
Roermond,1050,55,4
Eindhoven,1850,122,5
Zeist,976,76,3
Roermond,750,24,2
Maastricht,1077,27,1
Den,2500,105,3
Den,3650,149,4
Den,2500,100,4
Veldhoven,1275,50,1
Geulle,2450,129,4
Veldhoven,1500,50,2
Breukelen,4950,245,6
Apeldoorn,697,22,1
Oisterwijk,1500,127,4
Rotterdam,1650,85,3
Boxtel,1890,170,5
Wassenaar,5500,200,6
Amsterdam,4250,120,5
Eindhoven,2295,140,4
Den,3600,124,4
Eindhoven,1525,109,4
Amsterdam,2500,85,3
Amersfoort,1200,38,1
Amsterdam,2350,60,2
Den,2300,105,3
Den,8000,361,9
Den,1850,95,3
Eindhoven,1275,26,2
Amersfoort,1995,89,3
Maastricht,2295,285,6
Franeker,1000,90,3
Arnhem,1300,50,2
Maastricht,1995,105,3
Maastricht,1995,100,3
Rotterdam,1978,117,3
Rotterdam,1998,84,3
Oosterhout,1975,176,3
Rotterdam,1995,125,2
Groningen,1231,63,2
Amsterdam,2450,82,6
Rotterdam,3500,206,8
Eindhoven,1375,78,3
Eindhoven,1325,78,3
Leiden,1119,50,2
Rotterdam,2950,154,4
Amsterdam,3900,170,4
Roosendaal,1065,79,3
Eindhoven,1700,60,2
Broek,3250,154,4
Den,1590,74,2
Amsterdam,2650,58,3
Wilnis,1350,40,2
Eindhoven,2450,119,5
Waalwijk,1450,104,4
Eindhoven,1800,67,3
Midlaren,2350,223,5
Wageningen,2100,127,6
Den,2095,140,4
Roosendaal,1195,120,2
Rotterdam,1400,74,3
Oosterbeek,2150,102,3
Lelystad,2250,120,5
Heerlen,650,55,1
Maastricht,1725,55,1
Rotterdam,1450,64,2
Almelo,1050,80,3
Breda,2300,89,4
Amsterdam,2000,69,2
Roermond,800,43,2
Berg,710,60,2
Amsterdam,3450,75,3
Roosendaal,1750,107,4
Maastricht,851,16,1
Bergen,1100,60,2
Ouddorp,2000,50,2
Maastricht,931,12,1
Arnhem,1015,30,2
Maastricht,1495,141,5
Zaandam,2200,75,4
Groningen,906,36,2
Amsterdam,3850,129,3
Amsterdam,4250,120,5
Eindhoven,2295,140,4
Deventer,924,75,3
Den,1125,52,3
Amsterdam,2350,95,3
Rijswijk,2250,117,6
Amsterdam,3950,200,5
Amersfoort,550,12,1
Utrecht,2795,164,5
Amsterdam,3500,145,5
Amsterdam,2500,90,3
Rotterdam,1495,75,4
Lelystad,2350,135,6
Amsterdam,2650,85,3
Amsterdam,2200,85,2
Amsterdam,2750,80,3
Hillegom,1990,140,4
Wassenaar,3695,173,6
Eindhoven,1371,53,2
Rotterdam,2195,69,4
Maastricht,1298,90,5
Eindhoven,1975,150,5
Rotterdam,1750,80,2
Rotterdam,1800,100,3
Eindhoven,2495,149,4
Eindhoven,1995,132,3
Houten,843,29,1
Nieuwegein,3000,135,5
Rotterdam,2500,100,3
Heerlen,1095,92,5
Naarden,843,32,1
Tilburg,1300,30,1
Amsterdam,2650,58,3
Den,1590,74,2
Tilburg,1300,34,1
Tilburg,900,20,1
Hoofddorp,2700,108,3
Rotterdam,1375,99,4
Breda,1005,45,2
Amsterdam,3350,107,4
Landgraaf,1050,136,4
Geleen,900,82,5
Den,3350,127,3
Rotterdam,1995,71,4
Rotterdam,2995,68,2
Amstelveen,2400,84,2
Tilburg,800,18,1
Den,1450,65,2
Amstelveen,2495,73,3
Utrecht,4250,238,5
Hoofddorp,2500,76,3
Den,2950,133,6
Den,4500,230,9
Amsterdam,2500,80,3
Amstelveen,2750,120,5
Almere,1850,107,6
Amstelveen,2300,84,3
Den,3250,95,4
Den,3500,120,3
Arnhem,899,50,3
Sittard,2000,250,3
Zaandam,1900,90,3
Beek,1500,161,5
Amersfoort,1505,91,3
Amstelveen,2950,127,4
Den,1590,74,2
Den,3100,120,3
Roermond,794,79,3
Rotterdam,1875,110,3
Groede,1150,99,4
Leiden,2400,115,3
Meerssen,1020,150,4
Enschede,1125,57,4
Meppel,1595,115,3
Maastricht,1795,149,4
Den,1550,77,2
Bosch,3000,122,4
Zwolle,415,11,1
Helmond,1275,75,3
Muiden,3250,118,5
Amsterdam,3250,120,4
Amsterdam,3150,101,4
Amersfoort,1035,52,2
Amsterdam,2700,59,3
Enschede,525,20,1
Amsterdam,3000,150,6
Nieuwegein,1995,130,5
Zaandam,2200,100,3
Amsterdam,3500,164,4
Gronsveld,1190,85,3
Amstelveen,4250,179,6
Vlissingen,1150,93,4
Sneek,1650,175,7
Amsterdam,2495,68,3
Tilburg,1750,110,4
Amsterdam,3000,90,3
Den,1590,74,2
Amstelveen,2950,127,4
Rotterdam,1850,45,2
Rotterdam,1375,20,1
Den,3000,170,5
Zaltbommel,1995,115,5
Den,2150,94,4
Heerlen,1200,90,4
Schiedam,995,34,1
Oudenbosch,655,58,2
Amsterdam,4500,127,5
Rotterdam,2295,106,4
Eindhoven,1895,70,3
Den,3500,148,5
Almere,2300,136,4
Grubbenvorst,1250,115,4
Amsterdam,2200,57,2
Rotterdam,1495,71,3
Amsterdam,2250,58,2
Maastricht,795,26,2
Amsterdam,3500,110,4
Amsterdam,3250,100,3
Arnhem,1425,96,3
Arnhem,575,35,1
Hoofddorp,1450,80,3
Den,2400,102,3
Rotterdam,2190,90,3
Arnhem,925,37,2
Utrecht,2055,106,3
Maasbracht,3450,261,8
Den,4500,255,5
Roosendaal,680,35,2
Amsterdam,4250,120,5
Amsterdam,2650,58,3
Rotterdam,2190,135,4
Weesp,2300,83,5
Den,2195,112,3
Aalst,1095,54,3
Den,2750,82,3
Bloemendaal,1995,123,2
Den,2450,106,3
Amsterdam,7500,140,3
Hoofddorp,2250,69,2
Amsterdam,2350,80,3
Heerlen,1495,120,4
Amsterdam,2650,140,7
Grou,1150,129,4
Roosendaal,585,29,2
Amsterdam,2850,140,3
Amsterdam,2750,95,3
Den,2500,80,3
Amsterdam,4250,147,4
Amsterdam,2800,97,3
Den,1625,81,3
Den,1695,116,3
Amstelveen,3850,120,5
Den,2495,80,3
Rotterdam,1995,95,3
Rotterdam,995,24,1
Leiden,3500,155,4
Veldhoven,1450,75,3
Amsterdam,2750,112,5
Sittard,231,13,1
Breda,2650,200,5
Amsterdam,4250,120,5
Den,1590,74,2
Diemen,1075,77,2
Diemen,1075,77,3
Diemen,1075,77,4
Diemen,1075,77,2
Diemen,1075,77,3
Diemen,1075,77,4
Zwolle,971,43,2
Zeist,1750,110,4
Amsterdam,2750,110,3
Amsterdam,4250,150,4
Tilburg,425,13,1
Amsterdam,2350,70,3
Schoonloo,995,75,4
Amsterdam,1850,90,4
Rotterdam,1460,79,3
Tilburg,655,21,1
Tilburg,450,20,1
Tilburg,495,22,1
Rotterdam,1795,72,2
Rotterdam,2195,80,3
Almere,1495,72,2
Amsterdam,4750,124,4
Maastricht,2350,200,6
Amsterdam,4500,215,6
Amsterdam,2250,107,4
Tilburg,1995,108,4
Maastricht,1750,143,4
Rijswijk,1183,103,3
Capelle,2500,193,5
Maassluis,1595,90,3
Amsterdam,4250,120,5
Amstelveen,2950,127,4
Rotterdam,2495,142,4
Rotterdam,2195,115,5
Capelle,1700,115,2
Almkerk,1350,70,2
Almere,2168,92,4
Oosterhout,2000,98,4
Hoorn,1600,84,2
Krimpen,2800,226,1
Westerhoven,1295,78,3
Lelystad,800,62,2
Asten,1795,98,3
Heerenveen,1200,105,4
Maastricht,332,11,1
Eindhoven,753,35,2
Eindhoven,1850,90,4
Zwolle,1650,102,4
Amsterdam,2550,73,3
Den,3200,131,4
Leiden,2900,97,3
Nijmegen,1800,99,4
Den,5250,196,8
Den,3000,91,3
Harderwijk,986,45,2
Kampen,950,90,2
Zwolle,1395,124,3
Groningen,1395,35,2
Wijchen,1150,90,4
Amsterdam,2450,43,3
Amstelveen,2400,100,4
Naarden,3500,155,6
Den,1590,74,2
Amsterdam,4250,120,5
Amsterdam,4950,170,4
Den,2250,61,3
IJsselstein,3350,148,5
Lelystad,3300,117,3
Utrecht,2750,118,4
Breda,1450,85,3
Enschede,1100,36,2
Amsterdam,2750,99,3
Veldhoven,1525,65,3
Amsterdam,5200,138,5
Eindhoven,1510,84,3
Rotterdam,2995,145,6
Amsterdam,3750,122,4
Amsterdam,6000,200,7
Maastricht,1950,75,4
Zaandam,2750,121,5
Capelle,2550,143,3
Breda,1350,65,3
Utrecht,3150,145,4
Breda,1500,104,2
Middelburg,1075,125,3
Delft,1850,105,4
Sint-Michielsgestel,1650,135,5
Amsterdam,2950,85,3
Utrecht,1695,88,3
Amersfoort,835,35,1
Voorburg,425,30,1
Zwolle,384,12,1
Amsterdam,2100,136,4
Amstelveen,2950,127,4
Eindhoven,2295,140,4
Amsterdam,2950,87,3
Ridderkerk,1650,120,3
Hoornaar,1850,100,3
Rotterdam,2600,106,6
Amsterdam,3250,98,4
Den,995,70,3
Lent,1695,152,4
Hoofddorp,2850,102,3
Kampen,1110,60,1
Muiden,3250,130,4
Beverwijk,1550,72,3
Tilburg,3850,261,7
Tilburg,1622,88,2
Nieuwerkerk,1750,106,4
Hilversum,2650,160,5
Den,3125,91,3
Rotterdam,3254,83,3
Amsterdam,9900,231,5
Amsterdam,3200,96,4
Amsterdam,3750,130,3
Leiden,2250,126,5
Breda,2450,138,5
Rotterdam,2500,136,3
Deventer,1900,153,3
Leiden,1995,75,3
Den,2750,120,3
Leiden,3250,114,3
Leiden,2900,97,3
Terhole,665,44,2
Amsterdam,4250,120,5
Eindhoven,2295,140,4
Den,2400,145,3
Den,1150,83,4
Tilburg,1390,60,2
Breda,2250,95,4
Amsterdam,2950,55,3
Middelburg,1385,74,3
Harderwijk,3250,239,8
Amstelveen,2950,127,4
Capelle,2495,135,5
Amstelveen,4500,190,4
Delfgauw,2700,125,3
Den,1450,70,3
Almere,1950,110,5
Zoeterwoude,615,9,1
Nuenen,1800,125,4
Veendam,950,110,5
Rotterdam,2200,71,3
Amsterdam,3250,95,3
Haarlem,2845,93,3
Leeuwarden,625,25,1
Amsterdam,2750,58,3
Reuver,1275,75,3
Amsterdam,2900,117,4
Den,3000,152,5
Den,2400,103,3
Den,2400,108,3
Zoeterwoude,690,15,1
Waalre,1500,120,4
Eindhoven,1375,78,3
Amsterdam,2750,76,3
Amstelveen,2950,127,4
Eindhoven,2295,140,4
Apeldoorn,625,23,1
Amsterdam,2900,78,3
Delft,1500,45,3
Beinsdorp,7000,248,6
Rotterdam,1370,60,2
Den,450,12,1
Leiden,2250,100,3
Culemborg,2100,146,5
Apeldoorn,840,61,2
Den,3500,120,4
Delft,1600,65,2
Rotterdam,1950,65,2
Vlissingen,815,67,1
Utrecht,2650,185,5
Amsterdam,2750,75,2
Amsterdam,8250,200,5
Den,3600,160,6
Den,3000,120,6
Amsterdam,4950,190,6
Amsterdam,6000,147,5
Amsterdam,4500,91,5
Berkel,3500,253,6
Roosendaal,875,71,3
Rotterdam,2600,85,3
Amsterdam,4950,173,6
Rotterdam,2195,105,3
Haarlem,5995,220,6
Amsterdam,2750,70,3
Amsterdam,3000,72,4
Den,1490,83,2
Den,1590,74,2
Amsterdam,4250,120,5
Rotterdam,850,52,2
Rotterdam,3600,137,4
Amstelveen,1950,79,3
Amstelveen,2500,130,5
Groningen,2250,180,7
Maastricht,1995,119,6
Zutphen,1055,60,2
Rotterdam,1995,105,5
Den,2450,79,3
Groningen,1150,36,2
Amsterdam,2500,70,3
Groningen,1550,55,2
Amsterdam,2200,69,3
Bergen,2000,89,3
Eindhoven,1750,126,4
Eindhoven,1700,60,2
Utrecht,1650,38,2
Maastricht,2650,95,2
Roosendaal,1015,72,2
Amstelveen,2250,114,4
Breda,2500,127,5
Amsterdam,4250,120,5
Tilburg,921,37,1
Den,862,26,1
Eindhoven,1450,65,3
Waalre,1495,86,3
Maastricht,2050,136,4
Tilburg,895,30,2
Amsterdam,2950,111,4
Amsterdam,2650,58,3
Eindhoven,1850,138,4
Amsterdam,2500,88,2
Bunschoten-Spakenburg,1625,121,5
Hendrik-Ido-Ambacht,2445,125,4
Amsterdam,4500,223,5
Eindhoven,1850,138,4
Delft,1400,70,2
Geldrop,2500,190,4
Rotterdam,1995,82,2
Den,2750,150,5
Rotterdam,2395,91,3
Roosendaal,1775,73,3
Terheijden,1495,130,3
Leeuwarden,1175,74,3
Haarlem,2350,80,4
Naarden,843,32,1
Noordwijk,1495,86,4
Lobith,300,70,2
Hilversum,2750,105,4
Laren,6500,197,4
Huizen,3000,185,6
Schaijk,985,40,3
Rotterdam,1990,147,3
Rotterdam,1495,35,2
Amstelveen,2350,110,5
Amsterdam,5500,114,3
Amsterdam,2350,102,4
Amsterdam,5500,174,6
Amsterdam,3850,170,4
Eindhoven,1600,73,2
Rotterdam,2250,82,2
Amstelveen,2950,127,4
Amsterdam,4250,120,5
Rotterdam,2300,103,4
Rotterdam,2950,155,4
Rotterdam,1995,81,2
Nuenen,1995,118,4
Almere,735,20,1
Waalre,1700,82,4
Amsterdam,2500,80,3
Scherpenisse,1500,115,4
Geleen,695,45,1
Amsterdam,6000,313,7
Amsterdam,7000,184,3
Amsterdam,1950,85,3
Zaandam,1995,95,3
Alkmaar,1795,125,3
Zoetermeer,1950,104,3
Nijmegen,795,48,1
Tilburg,2595,175,3
Rotterdam,3250,190,4
Eindhoven,2395,100,3
Middelburg,1375,113,5
Tilburg,825,18,1
Utrecht,2500,88,3
Breda,1195,86,3
Goes,1900,122,5
Hoogeveen,595,25,1
Amsterdam,8500,240,7
Rotterdam,3250,121,3
Dronryp,845,60,2
Mook,820,55,2
Nijmegen,1750,100,4
Amstelveen,2950,127,4
Eindhoven,1850,138,4
Wessem,290,35,2
Assen,1450,130,4
Oud-Beijerland,1950,77,3
Winschoten,750,45,2
Den,3995,170,4
Delft,1400,45,2
Delft,1250,30,1
Heerlen,875,74,3
Waalre,1495,88,3
Amstelveen,3250,145,5
Gouda,1500,89,4
Bergen,1785,132,5
Utrecht,2300,138,6
Eindhoven,1700,103,3
Lattrop-Breklenkamp,1295,150,7
Leiden,2650,190,6
Eindhoven,1975,123,5
Eindhoven,1695,90,3
Leeuwarden,925,60,3
Amsterdam,2450,87,3
Benthuizen,1750,123,4
Dronten,1550,118,5
Amsterdam,2850,92,3
Heerlen,140,25,1
Amsterdam,3250,105,4
Almere,3000,187,7
Amstelveen,4500,179,6
Eindhoven,1850,138,4
Amstelveen,2950,127,4
Rotterdam,2100,93,3
Amsterdam,1900,45,2
Leiden,1405,50,2
Schinnen,3500,264,7
Den,2250,131,4
Gouda,1495,90,2
Purmerend,2200,126,6
Delft,1400,30,2
Hoensbroek,230,13,9
Tilburg,1175,64,2
Bergen,875,60,5
Purmerend,2150,124,4
Amstelveen,2500,95,3
Eindhoven,1700,60,2
Den,2495,91,4
Sint-Annaland,1250,95,2
Maastricht,2550,130,6
Eindhoven,1700,54,2
Amsterdam,2650,92,3
Amsterdam,3750,120,4
Arnhem,920,25,1
Arnhem,1195,31,2
Amsterdam,1950,65,2
Rotterdam,2300,125,3
Apeldoorn,948,93,4
Den,775,32,2
Eindhoven,2295,140,4
Amsterdam,4000,132,5
Amsterdam,1750,57,2
Amsterdam,5000,144,4
Eindhoven,1850,138,4
Amstelveen,2950,127,4
Groningen,1350,66,2
Rotterdam,3300,200,6
Amsterdam,2999,148,5
Den,2300,100,3
Den,1225,42,3
Arnhem,1450,90,3
Amsterdam,2550,92,2
Asten,1425,117,5
Amsterdam,2200,55,3
Amsterdam,1659,50,1
Breda,2375,150,6
Katwijk,1850,97,4
Den,750,26,2
Den,750,29,1
Den,3650,200,3
Den,4500,201,8
Den,1480,50,3
Utrecht,1995,140,5
Den,1000,37,2
Den,450,13,1
Veldhoven,1850,88,5
Eindhoven,2750,150,5
Leiden,2150,70,3
Eindhoven,2500,103,3
Aarle-Rixtel,2750,215,6
Hilversum,1600,39,2
Leeuwarden,850,63,2
Hilversum,2950,146,4
Valkenburg,1590,120,4
Hilversum,2500,138,6
Amsterdam,4250,120,5
Amsterdam,2650,58,3
Hilversum,2850,118,5
Westernieland,1350,80,3
Best,1650,102,5
Fijnaart,1225,116,4
Maastricht,1600,70,2
Den,375,8,1
Veldhoven,1475,70,3
Velden,1250,84,3
Den,595,16,1
Barendrecht,1750,98,3
Den,695,12,1
Den,1075,31,2
Amsterdam,2750,100,4
Roermond,780,53,2
Den,730,21,2
Eindhoven,2350,117,5
Amsterdam,2100,90,3
Eindhoven,2295,135,5
Veldhoven,1795,112,5
Roermond,1057,65,2
Breda,1375,65,3
Eersel,3500,152,4
Amsterdam,3500,81,3
Amsterdam,3500,150,3
Prinsenbeek,2595,180,6
Rotterdam,1895,79,2
Den,2395,95,3
Leiden,2320,121,3
Amsterdam,1890,73,2
Amsterdam,3750,169,4
Eindhoven,1850,138,4
Amstelveen,2950,127,4
Den,2400,158,4
Den,1775,80,3
Eindhoven,1495,85,3
Den,2350,100,3
Voorburg,2500,160,5
Amsterdam,2850,95,3
Amsterdam,3000,112,4
Eindhoven,1600,94,3
Den,2500,85,3
Amsterdam,3250,75,3
Nuth,1350,108,5
De,1350,70,3
Muiderberg,2100,109,4
Muiderberg,3000,140,6
Heemstede,4250,160,7
Den,2300,128,4
Maastricht,1595,120,6
Amsterdam,4250,180,4
Amsterdam,4000,167,3
Tilburg,1150,60,3
Deventer,1295,111,4
Rotterdam,1995,72,3
Den,1350,121,5
Julianadorp,2199,186,5
Amstelveen,2550,104,3
Middenbeemster,1995,140,4
Amsterdam,1892,86,4
Amsterdam,1731,81,3
Haarlem,1665,88,3
Haarlem,1590,91,3
Amsterdam,4250,120,5
Eindhoven,1850,138,4
Amsterdam,1728,74,3
Amsterdam,4700,162,3
Horst,1090,110,3
Eindhoven,1850,112,3
Stadskanaal,570,20,1
Genemuiden,1500,127,4
Eijsden,820,30,1
Den,7500,283,5
Almere,2775,180,4
Enschede,1900,102,4
Amsterdam,2750,95,3
Eindhoven,2200,127,4
Amsterdam,10000,207,3
Leiden,1950,75,3
Bussum,1650,85,3
Weurt,2000,150,6
Etten-Leur,290,30,1
Leeuwarden,610,20,1
Tilburg,725,20,1
Amsterdam,3500,163,5
Amstelveen,2650,100,3
Veldhoven,1700,100,3
Utrecht,1495,60,2
Almere,2900,223,4
Abcoude,2800,116,4
Eindhoven,1695,115,4
Rotterdam,2000,70,3
Den,2200,95,3
Katwijk,1150,55,2
Velp,585,14,1
Eindhoven,2295,140,4
Amstelveen,2950,127,4
Maastricht,1500,47,2
Gaanderen,870,55,2
Rotterdam,2050,91,3
Rotterdam,1495,100,4
Amsterdam,4250,132,4
Heemstede,1400,97,3
Bergen,745,25,1
Utrecht,2500,116,3
Amsterdam,3750,130,4
Budel,1470,112,5
Den,2750,136,4
Amsterdam,2100,56,2
Haarlem,1930,92,3
Amsterdam,4500,174,6
Den,2000,78,3
Hoorn,2150,87,3
Duiven,1071,68,3
Hengelo,716,41,1
Capelle,4500,158,6
Amsterdam,2900,140,4
Harderwijk,1215,43,2
Eindhoven,1200,65,2
Valkenswaard,1350,120,3
Leeuwarden,1595,70,2
Amsterdam,9500,296,6
Valkenswaard,2795,174,3
Rotterdam,3490,144,4
Rotterdam,1750,92,3
Roermond,1175,65,3
Eindhoven,1850,138,4
Amstelveen,2950,127,4
Amsterdam,2450,90,1
Eindhoven,1995,120,4
Roosendaal,945,78,2
Katwijk,1295,70,2
Almere,3200,145,5
Amsterdam,2850,126,3
Voorst,400,70,3
Amsterdam,2600,68,3
Oudeschoot,327,13,1
Scherpenisse,1700,85,2
Den,1995,36,2
Wassenaar,7750,460,9
Geldrop,1750,94,3
Zaandam,1845,90,3
Rotterdam,2500,91,3
Leeuwarden,879,40,2
Amsterdam,3750,140,4
Amersfoort,1225,71,2
Hilversum,2700,131,6
Almere,1450,70,3
Eindhoven,2100,130,3
Eindhoven,1875,93,4
Leiden,1850,85,3
Tilburg,1750,125,3
Weert,765,35,2
Den,3156,68,3
Den,3236,101,3
Rotterdam,3495,89,3
Amsterdam,2700,75,2
Arnhem,1195,33,2
Eindhoven,2295,140,4
Eindhoven,1850,138,4
Hilversum,1425,55,3
Arnhem,1195,32,2
Eindhoven,1340,57,2
Amsterdam,4850,140,4
Emmen,1650,115,3
Etten-Leur,1445,80,3
Nijmegen,1250,80,2
Rotterdam,2495,124,5
Rotterdam,4700,238,7
Ruinerwold,2950,350,6
Den,2450,118,4
Amsterdam,2750,87,2
Eindhoven,1745,69,3
Tilburg,1550,90,3
Rotterdam,2750,84,3
Amsterdam,3495,134,5
Rotterdam,2950,100,3
Amsterdam,3850,144,3
Leiden,1750,63,1
Eerbeek,550,70,2
Eindhoven,1795,90,5
Vijlen,1175,94,5
Galder,1850,114,4
Rotterdam,2650,81,3
Noordwijkerhout,3250,210,7
Leiden,2250,120,4
Sittard,600,30,2
Rotterdam,1595,88,3
Amstelveen,4650,199,4
Rotterdam,2400,50,4
Amsterdam,2650,58,3
Eindhoven,1850,138,4
Haarlem,3150,81,3
Steenbergen,1575,130,5
Eindhoven,1780,97,3
Breda,1500,73,3
Amsterdam,6000,175,5
Amsterdam,4200,125,4
Wassenaar,3250,149,6
Amsterdam,2700,75,3
Roermond,1350,68,4
Maastricht,2150,65,1
Maastricht,1950,90,3
Den,1700,82,4
Maastricht,2000,55,1
Maastricht,1950,135,4
Amsterdam,2250,60,2
Helmond,353,63,2
Almere,3000,162,4
Eindhoven,1600,79,3
Eindhoven,1600,95,3
Den,2595,100,5
Almere,1850,109,3
Den,2750,135,4
Den,2495,108,4
Oirschot,900,59,3
Maastricht,1800,95,3
Heerlen,675,65,2
Arnhem,1425,100,3
Rotterdam,6000,261,5
Den,1325,61,3
Eindhoven,2225,120,4
Amsterdam,4250,120,5
Eindhoven,2295,140,4
Maastricht,1850,162,5
Utrecht,1800,45,3
Utrecht,1950,75,3
Weert,1288,80,3
Zuidland,2000,90,3
Rotterdam,1595,77,3
Valkenburg,750,30,2
Arnhem,2200,120,2
Almere,1750,40,2
Almere,1850,48,2
Almere,1950,65,2
Almere,1650,35,2
Amsterdam,2150,55,2
Den,1965,45,2
Arnhem,2250,150,6
Rotterdam,1600,103,4
Maastricht,2500,140,3
Koog,1750,60,3
Nieuw-Vennep,3150,167,6
Amsterdam,11000,327,9
Wassenaar,2365,115,3
Rotterdam,1650,65,1
Brummen,850,72,2
Den,1900,75,4
Rotterdam,1610,75,3
Rotterdam,1975,91,3
Sittard,1350,130,4
Amsterdam,4000,68,3
Delft,3500,170,6
Eindhoven,2295,140,4
Amsterdam,2650,58,3
Purmerend,2500,160,5
Capelle,1028,56,2
Den,2500,113,4
Arnhem,1900,160,3
Helmond,1750,106,4
Schiedam,1850,70,2
Rotterdam,1250,66,3
Rotterdam,1100,39,2
Amsterdam,3750,90,3
Den,3950,191,5
Leimuiden,8700,264,6
Amsterdam,2400,92,3
Voorburg,1055,49,2
Amsterdam,2595,100,3
Amsterdam,2400,70,4
Oirschot,2250,75,2
Rijswijk,1600,105,4
Rotterdam,1250,55,2
Eindhoven,1850,80,3
Bergen,1975,103,3
Maastricht,2495,105,3
Amsterdam,2750,90,3
Utrecht,2395,85,3
Valkenswaard,1575,101,4
Hoofddorp,2250,82,4
Den,2795,119,3
Kerkrade,650,53,3
Amsterdam,2995,115,3
Maastricht,575,21,1
Amsterdam,9500,258,7
Den,1590,74,2
Eindhoven,2295,140,4
Maastricht,500,10,1
Amsterdam,2300,65,2
Amstelveen,2250,100,3
Amsterdam,3250,143,4
Tilburg,1245,52,2
Dordrecht,1995,100,5
Den,1516,95,3
Dordrecht,1700,69,3
Amsterdam,3000,98,3
Amsterdam,4500,127,4
De,1350,116,2
Rotterdam,2450,109,3
Amsterdam,2200,69,3
Bergen,5750,310,5
Ermelo,950,54,3
Den,2195,180,3
Schiedam,2225,146,5
Rotterdam,2400,124,5
Capelle,3250,147,5
Amstelveen,2500,98,5
Amsterdam,2100,50,2
Den,1575,57,2
Maastricht,1270,85,3
Maarssen,1400,74,3
Bedum,1400,59,3
Bedum,1200,45,2
Den,975,46,2
Bedum,1200,50,2
Eindhoven,1320,32,2
Eindhoven,2500,103,3
Amsterdam,2650,58,3
Amstelveen,2950,127,4
Leiden,2300,72,3
Hoogeloon,1850,130,4
Arnhem,2000,96,3
Rotterdam,2750,92,3
Eindhoven,1650,84,3
Amstelveen,2300,135,5
Utrecht,995,30,1
Eindhoven,2575,139,5
Amsterdam,2600,68,3
Bosch,3450,360,4
Amsterdam,2475,95,3
Brunssum,592,17,1
Den,3950,150,4
Groningen,1050,56,3
Noordwijkerhout,3499,138,5
Helmond,1700,116,6
Amsterdam,3500,142,5
Rotterdam,2295,85,3
Dordrecht,2950,115,4
Haarlem,5000,190,6
Amsterdam,2650,76,3
Veghel,1675,97,3
Heerlen,380,20,3
Blaricum,8750,468,8
Amsterdam,2000,122,2
Eindhoven,1995,161,4
Almere,1800,102,4
Leiderdorp,1650,75,3
Amsterdam,3150,111,3
Leiden,885,53,2
